product,image_file,image_url,avg_price,revenue_7d,growth_pct,commission_pct,per_sale_$,creators,ads_top10,shop,tiktok_link,caption,scene_prompt
"Shinesty Mens Mystery Boxer Brief W/Fly 7-Pack - Ball Hammock® Pouch Support, Standard Length 6 Inch Inseam, Silky Soft, Stretchy, Breathable Natural MicroModal",shinesty-mens-mystery-boxer-brief-w-fly--1732418775013757543.jpg,https://img.kalocdn.com/tiktok.product.images/tos-useast5-i-omjb5zjo8w-tx/d578a68fb80b4a048d943e34960be437.png,209.93,4410.0,96.0,15.0,31.49,17.0,8,,https://shop.tiktok.com/view/product/1732418775013757543,Your future self will thank you for grabbing the Shinesty Mens Mystery Boxer Brief W/Fly 7-Pack - today. 😱😭,"put the product from the image on a clean modern surface that fits the product, natural lighting"
Runcati Men's Notch Lapel Double Breasted Long Trench Coat Casual Cotton Blend Peacoat,runcati-men-s-notch-lapel-double-breaste-1731784787801313410.jpg,https://img.kalocdn.com/tiktok.product.images/tos-useast5-i-omjb5zjo8w-tx/4dddffe26b3d498daf0e684cc5cadad3.png,69.99,1050.0,83.1,12.0,8.4,37.0,7,,https://shop.tiktok.com/view/product/1731784787801313410,The Runcati Men's Notch Lapel Double Breasted Long T is about to be everywhere. Get it first. 😱😭,"put the product from the image on a clean modern surface that fits the product, natural lighting"
mnml Cinched Baggy Sweatpants,mnml-cinched-baggy-sweatpants-1732139184013283710.jpg,https://img.kalocdn.com/tiktok.product.images/tos-useast5-i-omjb5zjo8w-tx/bf92d5723568494cbed59bbdca97f47b.png,68.0,7680.0,53.4,12.0,8.16,96.0,9,,https://shop.tiktok.com/view/product/1732139184013283710,Me telling you to grab the mnml Cinched Baggy Sweatpants before it sells out again. 😱😭,"put the product from the image on a clean modern surface that fits the product, natural lighting"
Pack Mens Tech Fleece Performance Sweatpants with Open Bottom (Sizes S-3XL),pack-mens-tech-fleece-performance-sweatp-1732480859592167680.jpg,https://img.kalocdn.com/tiktok.product.images/tos-useast5-i-omjb5zjo8w-tx/a37a7dcd345d426ba69d400cbde6a06e.png,67.99,1220.0,53.8,10.0,6.8,16.0,9,,https://shop.tiktok.com/view/product/1732480859592167680,"If you have been waiting on the Pack Mens Tech Fleece Performance Sweatpants wit, now is the time. 😱😭","put the product from the image on a clean modern surface that fits the product, natural lighting"
COOFANDY Mens Sport Coat Casual Blazer One Button Business Suit Jacket Classic Menswear Fashion Outfit Vneck Long Sleeve,coofandy-mens-sport-coat-casual-blazer-o-1729430076357382153.jpg,https://img.kalocdn.com/tiktok.product.images/tos-useast5-i-omjb5zjo8w-tx/e70e2a04367641b48dfe0e5c2ea2b6b7.png,66.49,6450.0,122.2,10.0,6.65,43.0,7,,https://shop.tiktok.com/view/product/1729430076357382153,POV: you found the COOFANDY Mens Sport Coat Casual Blazer One Butto before everyone else did. 😱😭,"put the product from the image on a clean modern surface that fits the product, natural lighting"
mnml Hooded Sprayed Ripstop Jacket - Camo,mnml-hooded-sprayed-ripstop-jacket-camo-1732365127593529726.jpg,https://img.kalocdn.com/tiktok.product.images/tos-useast5-i-omjb5zjo8w-tx/342ddca6b03943b1aee7abc20bf6ad7f.png,59.67,2740.0,402.7,10.0,5.97,14.0,9,,https://shop.tiktok.com/view/product/1732365127593529726,This is your sign to finally grab the mnml Hooded Sprayed Ripstop Jacket - Camo. 😱😭,"put the product from the image on a clean modern surface that fits the product, natural lighting"
"Inflation Gradient Wash Sweatpants Crown Crest Embroidery Cursive Letter Print Seam Panel Baggy Wide Leg Streetwear Casual Pants,clothes for back to school,firs",inflation-gradient-wash-sweatpants-crown-1732448825267818903.jpg,https://img.kalocdn.com/tiktok.product.images/tos-useast5-i-omjb5zjo8w-tx/a91b265d43094d82a49b8b1b9247c17f.png,59.42,1250.0,52.5,13.0,7.72,7.0,7,,https://shop.tiktok.com/view/product/1732448825267818903,This is your sign to finally grab the Inflation Gradient Wash Sweatpants Crown Crest E. 😱😭,"put the product from the image on a clean modern surface that fits the product, natural lighting"
Haus | Premium Ultra-Soft Cotton Fitted Tank 6 Pack,haus-premium-ultra-soft-cotton-fitted-ta-1731664568127951530.jpg,https://img.kalocdn.com/tiktok.product.images/tos-useast5-i-omjb5zjo8w-tx/60d2d9ed72154421aa569f53a6565650.png,59.0,2009.9999999999998,34.9,10.0,5.9,47.0,9,,https://shop.tiktok.com/view/product/1731664568127951530,Your future self will thank you for grabbing the Haus today. 😱😭,"put the product from the image on a clean modern surface that fits the product, natural lighting"
"【Nebility】Men's Waist Trainer Trimmer Compression Vest Steel Bone Support Outdoor Sport Exercise Athletic Shapewear Fitness Zipper,fathersdaygift",nebility-men-s-waist-trainer-trimmer-com-1729471869271905011.jpg,https://img.kalocdn.com/tiktok.product.images/tos-useast5-i-omjb5zjo8w-tx/bae10438bad24d44bd454be12b0458ad.png,53.97,3510.0,34.7,13.0,7.02,27.0,8,,https://shop.tiktok.com/view/product/1729471869271905011,"Trust me, you want the 【Nebility】Men's Waist Trainer Trimmer Compressio in your cart today. 😱😭","put the product from the image on a clean modern surface that fits the product, natural lighting"
"Cute Bug Print Pink Washed Hoodie The World Is Cruel Slogan 380g Autumn VIntage Washed Hoodie Graphic Sweatshirt,sohochic",cute-bug-print-pink-washed-hoodie-the-wo-1732457133834343380.jpg,https://img.kalocdn.com/tiktok.product.images/tos-maliva-i-o3syd03w52-us/c500cf558b7b4df99abf8536ecb54a34.png,42.89,13550.0,186.8,12.0,5.15,74.0,9,,https://shop.tiktok.com/view/product/1732457133834343380,"If you have been waiting on the Cute Bug Print Pink Washed Hoodie The World Is C, now is the time. 😱😭","put the product from the image on a clean modern surface that fits the product, natural lighting"
"Gihuo Unisex Cotton Washed Denim Hoodie Vintage Oversized Half Zip Pullover Sweatshirt with Zip Pockets, Long Sleeve Casual Hooded Sweatshirt for Baggy Cargo",gihuo-unisex-cotton-washed-denim-hoodie--1732422673329590528.jpg,https://img.kalocdn.com/tiktok.product.images/tos-useast5-i-omjb5zjo8w-tx/dafca9ed9074493ba1b97180ca62f99f.png,42.89,1540.0,77.5,10.0,4.29,30.0,7,,https://shop.tiktok.com/view/product/1732422673329590528,Adding the Gihuo Unisex Cotton Washed Denim Hoodie Vintage  to my cart before I change my mind. 😱😭,"put the product from the image on a clean modern surface that fits the product, natural lighting"
FB County Ultra Baggy Monster Cut Sweatpants,fb-county-ultra-baggy-monster-cut-sweatp-1732422442092957993.jpg,https://img.kalocdn.com/tiktok.product.images/tos-useast8-i-rt0ujvrtvp-tx2/3fe8e98ad98b4be1934bb5ef74beed91.png,41.99,1510.0,36.2,10.0,4.2,21.0,10,,https://shop.tiktok.com/view/product/1732422442092957993,Do NOT scroll past the FB County Ultra Baggy Monster Cut Sweatpants if it has been sitting in your cart. 😱😭,"put the product from the image on a clean modern surface that fits the product, natural lighting"
"Men's Thick Heavyweight Cotton Graphic Hoodie - Premium Oatmeal Mineral Wash Menswear, Long Sleeve Western Clothing, Vintage Punk Retro Casual Streetwear Pull-o",men-s-thick-heavyweight-cotton-graphic-h-1732517344712102367.jpg,https://img.kalocdn.com/tiktok.product.images/tos-maliva-i-o3syd03w52-us/ae7a6c60a67841e6b88126f338f089df.png,39.98,919.54,47.4,15.0,6.0,16.0,9,,https://shop.tiktok.com/view/product/1732517344712102367,The Men's Thick Heavyweight Cotton Graphic Hoodie -  is about to be everywhere. Get it first. 😱😭,"put the product from the image on a clean modern surface that fits the product, natural lighting"
EVELLYHOOTD 600GSM Straight-Leg & Cuffed Baggy Fleece Sweatpants – Unisex Retro Streetwear for Spring Fall Winter | Soft & Cozy Fit【2026 New Drop】,evellyhootd-600gsm-straight-leg-cuffed-b-1729611873515836100.jpg,https://img.kalocdn.com/tiktok.product.images/tos-useast5-i-omjb5zjo8w-tx/dc40ff302014443bbe72adf7e7c24c80.png,37.35,2430.0,70.9,10.0,3.73,35.0,7,,https://shop.tiktok.com/view/product/1729611873515836100,"I am so sorry if you already grabbed an EVELLYHOOTD 600GSM Straight-Leg & Cuffed Baggy F, because the discount is huge today. 😱😭","put the product from the image on a clean modern surface that fits the product, natural lighting"
COOFANDY Mens Knit Button Down Shirt Short Sleeve Summer Casual Shirts Vintage Beach Vacation Shirts,coofandy-mens-knit-button-down-shirt-sho-1730944054510063625.jpg,https://img.kalocdn.com/tiktok.product.images/tos-useast5-i-omjb5zjo8w-tx/35bc96d42dc2498baa7036d382f38256.png,34.99,2970.0,55.5,11.0,3.85,65.0,9,,https://shop.tiktok.com/view/product/1730944054510063625,The COOFANDY Mens Knit Button Down Shirt Short Sleev everyone has been asking me about is finally back. 😱😭,"put the product from the image on a clean modern surface that fits the product, natural lighting"
GINGTTO Men's 5 Inch Shorts Casual Stretch Slim Fit Chino Shorts Comfort Tapered Leg Skinny Short Pants,gingtto-men-s-5-inch-shorts-casual-stret-1732305574078091897.jpg,https://img.kalocdn.com/tiktok.product.images/tos-useast5-i-omjb5zjo8w-tx/05a19a79d7814a4195d072aa6999c0f5.png,33.59,1040.0,45.6,10.0,3.36,9.0,7,,https://shop.tiktok.com/view/product/1732305574078091897,The GINGTTO Men's 5 Inch Shorts Casual Stretch Slim  is about to be everywhere. Get it first. 😱😭,"put the product from the image on a clean modern surface that fits the product, natural lighting"
"Men's 2-Piece Vintage Plain Knitting Tracksuit Set - Breathable Half-Zip Hoodie with Drawstring, Fitted Cut Stretch Pocket Pants, Polyester Sweatset Style, Effo",men-s-2-piece-vintage-plain-knitting-tra-1731579346689299385.jpg,https://img.kalocdn.com/tiktok.product.images/tos-useast5-i-omjb5zjo8w-tx/cadfd055f2fe4255a28ccce5052c2841.png,33.0,9310.0,99.0,10.0,3.3,59.0,7,,https://shop.tiktok.com/view/product/1731579346689299385,Your future self will thank you for grabbing the Men's 2-Piece Vintage Plain Knitting Tracksuit S today. 😱😭,"put the product from the image on a clean modern surface that fits the product, natural lighting"
"Men's Heavyweight Acid-Wash Pure Cotton Hooded Sweatshirt -Pullover Hoodies, Acid Wash Hoodie, Casual Pullover Sweatshirts, Mens Clothing, Unisex Style for Autu",men-s-heavyweight-acid-wash-pure-cotton--1732486777967054942.jpg,https://img.kalocdn.com/tiktok.product.images/tos-useast5-i-omjb5zjo8w-tx/eaaa80841c37423b9328013b5526bfb0.png,30.3,1150.0,48.4,12.0,3.64,25.0,10,,https://shop.tiktok.com/view/product/1732486777967054942,Adding the Men's Heavyweight Acid-Wash Pure Cotton Hooded S to my cart before I change my mind. 😱😭,"put the product from the image on a clean modern surface that fits the product, natural lighting"
"BAMBOO COOL Men's Mid Waist Athletic Boxer Briefs - Premium Smooth Stretch Fabric, 3D Pouch Support, Open Fly, Breathable, Non-Fading, Tag-Free, 4 or X-7 Pack (",bamboo-cool-men-s-mid-waist-athletic-box-1729732076819747269.jpg,https://img.kalocdn.com/tiktok.product.images/tos-useast5-i-omjb5zjo8w-tx/627d94b33d2041a9b56dbea26f2ff890.png,29.09,727.25,53.2,15.0,4.36,10.0,8,,https://shop.tiktok.com/view/product/1729732076819747269,"Trust me, you want the BAMBOO COOL Men's Mid Waist Athletic Boxer Brief in your cart today. 😱😭","put the product from the image on a clean modern surface that fits the product, natural lighting"
"BAMBOO COOL Men's Plain Bamboo Viscose Spandex Boxer Briefs with Fly, 4-Pack Breathable Moisture-Wicking Silky Stretch Underwear, Mens Clothing, Men's Wear, Bam",bamboo-cool-men-s-plain-bamboo-viscose-s-1730403755601465797.jpg,https://img.kalocdn.com/tiktok.product.images/tos-useast5-i-omjb5zjo8w-tx/5a90868103c34828a34d364b57588d2d.png,27.99,923.67,39.6,15.0,4.2,22.0,7,,https://shop.tiktok.com/view/product/1730403755601465797,I can not believe how good the BAMBOO COOL Men's Plain Bamboo Viscose Spandex B is for the price. 😱😭,"put the product from the image on a clean modern surface that fits the product, natural lighting"
